source,target,kind,source_db,score,support
AURKA,TPX2,ppi,STRING,0.999,1
AURKA,TACC3,ppi,STRING,0.998,1
AURKA,MYCN,ppi,STRING,0.998,1
AURKA,PLK1,ppi,STRING,0.997,2
AURKA,CDC20,ppi,STRING,0.995,1
AURKA,INCENP,ppi,STRING,0.994,1
AURKA,BIRC5,ppi,STRING,0.993,1
AURKA,NEDD9,ppi,STRING,0.99,1
AURKA,CCNB2,ppi,STRING,0.988,1
FOXO3,CDK2,ppi,STRING,0.999,2
FOXO3,CDKN1A,ppi,STRING,0.995,1
CCNG1,GAK,ppi,STRING,0.963,1
CCNG1,CCNG2,ppi,STRING,0.911,1
CCNG1,PPP2R5C,ppi,STRING,0.849,1
CCNG1,PPP2R1A,ppi,STRING,0.818,1
CCNG1,CDK5,ppi,STRING,0.817,1
CCNG1,CCNL2,ppi,STRING,0.78,1
CCNG1,CDK1,ppi,STRING,0.772,1
CCNG1,CDK2,ppi,STRING,0.735,1
CDKN1A,CDK6,ppi,STRING,0.999,1
CDKN1A,CDK4,ppi,STRING,0.999,1
CDKN1A,CCND3,ppi,STRING,0.999,1
CDKN1A,CCNE1,ppi,STRING,0.999,1
CDKN1A,PCNA,ppi,STRING,0.999,1
CDKN1A,CCND1,ppi,STRING,0.999,1
CDKN1A,CCNA1,ppi,STRING,0.999,1
CDKN1A,CCNE2,ppi,STRING,0.999,1
CDKN1A,CDK2,ppi,STRING,0.999,1
CCNA2,CDK1,ppi,STRING,0.999,1
CCNA2,CDK2,ppi,STRING,0.999,2
CCNA2,SKP2,ppi,STRING,0.999,1
CCNA2,E2F1,ppi,STRING,0.999,2
CCNA2,CDKN1B,ppi,STRING,0.999,2
CCNA2,CDC20,ppi,STRING,0.999,1
CCNA2,ANAPC4,ppi,STRING,0.999,1
CCNA2,CDKN1A,ppi,STRING,0.999,1
CCNA2,CDK4,ppi,STRING,0.999,1
CCNA2,CDK6,ppi,STRING,0.999,1
CDKN1B,CDK4,ppi,STRING,0.999,1
CDKN1B,CDK6,ppi,STRING,0.999,1
CDKN1B,CCND3,ppi,STRING,0.999,1
CDKN1B,CCNE1,ppi,STRING,0.999,1
CDKN1B,CCND1,ppi,STRING,0.999,1
CDKN1B,SKP2,ppi,STRING,0.999,1
CDKN1B,CDK2,ppi,STRING,0.999,2
CDKN1B,CCNA1,ppi,STRING,0.999,1
CDKN1B,CCND2,ppi,STRING,0.999,1
CDK2,CDKN1C,ppi,STRING,0.999,1
CDK2,CCNE2,ppi,STRING,0.999,1
CDK2,CCNA1,ppi,STRING,0.999,1
CDK2,CCNL2,ppi,STRING,0.999,1
CDK2,SKP1,ppi,STRING,0.999,1
CDK2,CCND1,ppi,STRING,0.999,1
CDK2,SKP2,ppi,STRING,0.999,1
PLK1,CCNB1,ppi,STRING,0.999,1
PLK1,CDC20,ppi,STRING,0.999,1
PLK1,BUB1B,ppi,STRING,0.999,1
PLK1,FZR1,ppi,STRING,0.999,1
PLK1,ERCC6L,ppi,STRING,0.998,1
PLK1,BORA,ppi,STRING,0.997,1
PLK1,BUB1,ppi,STRING,0.996,1
PLK1,CENPU,ppi,STRING,0.996,1
E2F1,CCNA1,ppi,STRING,0.999,1
E2F1,TFDP1,ppi,STRING,0.999,1
E2F1,TFDP2,ppi,STRING,0.997,1
E2F1,CDK2,ppi,STRING,0.997,1
E2F1,FOXO3,ppi,STRING,0.994,1
E2F1,RBL1,ppi,STRING,0.994,1
GADD45A,MAP3K4,ppi,STRING,0.999,1
GADD45A,CDK1,ppi,STRING,0.997,1
GADD45A,TDG,ppi,STRING,0.987,1
GADD45A,PCNA,ppi,STRING,0.987,1
GADD45A,GADD45GIP1,ppi,STRING,0.985,1
GADD45A,CCNB1,ppi,STRING,0.983,1
GADD45A,CDKN1A,ppi,STRING,0.974,1
GADD45A,GADD45B,ppi,STRING,0.965,1
GADD45A,AURKA,ppi,STRING,0.961,1
