﻿{
    "cid":  0,
    "module_size":  52,
    "label":  "Cell cycle / mitosis",
    "score":  88,
    "evidence":  {
                     "hub_hits":  [
                                      "AURKA",
                                      "CCNA1",
                                      "CCNA2",
                                      "CCND1",
                                      "CCND3",
                                      "CCNE1",
                                      "CCNG1",
                                      "CCNL2",
                                      "CDC20",
                                      "CDK1",
                                      "CDK2",
                                      "CDK4",
                                      "CDK6",
                                      "CDKN1A",
                                      "CDKN1B",
                                      "E2F1",
                                      "GADD45A",
                                      "PLK1",
                                      "SKP2"
                                  ],
                     "gene_hits":  [
                                       "AURKA",
                                       "BUB1",
                                       "BUB1B",
                                       "CCNA1",
                                       "CCNA2",
                                       "CCNB1",
                                       "CCNB2",
                                       "CCND1",
                                       "CCND2",
                                       "CCND3",
                                       "CCNE1",
                                       "CCNE2",
                                       "CCNG1",
                                       "CCNG2",
                                       "CCNL2",
                                       "CDC20",
                                       "CDK1",
                                       "CDK2",
                                       "CDK4",
                                       "CDK5",
                                       "CDK6",
                                       "CDKN1A",
                                       "CDKN1B",
                                       "CDKN1C",
                                       "E2F1",
                                       "GADD45A",
                                       "GADD45B",
                                       "GADD45GIP1",
                                       "PLK1",
                                       "SKP1",
                                       "SKP2"
                                   ],
                     "rule_patterns":  [
                                           "^(CDK|CCN|CDC|MCM|AURK|PLK|BUB|MAD|E2F|SKP|GADD45|TOP2A|UBE2C|CDC20)"
                                       ],
                     "top_hubs":  [
                                      "CDK2",
                                      "CDKN1A",
                                      "AURKA",
                                      "CCNA2",
                                      "CDKN1B",
                                      "PLK1",
                                      "GADD45A",
                                      "CCNG1",
                                      "E2F1",
                                      "CCNA1",
                                      "CDC20",
                                      "FOXO3",
                                      "CDK1",
                                      "CDK6",
                                      "CDK4",
                                      "CCND1",
                                      "SKP2",
                                      "CCNL2",
                                      "CCND3",
                                      "CCNE1"
                                  ]
                 }
}
