id,label,kind,sources
ATM,ATM,protein,['STRING']
CHEK2,CHEK2,protein,['STRING']
BRCA1,BRCA1,protein,['STRING']
RPA1,RPA1,protein,['STRING']
TP53BP1,TP53BP1,protein,['STRING']
RAD51,RAD51,protein,['STRING']
CHEK1,CHEK1,protein,['STRING']
ATR,ATR,protein,['STRING']
BRCA2,BRCA2,protein,['STRING']
BARD1,BARD1,protein,['STRING']
RPA3,RPA3,protein,['STRING']
RPA2,RPA2,protein,['STRING']
BLM,BLM,protein,['STRING']
PRIMPOL,PRIMPOL,protein,['STRING']
RMI1,RMI1,protein,['STRING']
RAD52,RAD52,protein,['STRING']
ATRIP,ATRIP,protein,['STRING']
WRN,WRN,protein,['STRING']
FANCM,FANCM,protein,['STRING']
ATRX,ATRX,protein,['STRING']
MDC1,MDC1,protein,['STRING']
MSH6,MSH6,protein,['STRING']
MRE11,MRE11,protein,['STRING']
MSH2,MSH2,protein,['STRING']
NBN,NBN,protein,['STRING']
H2AX,H2AX,protein,['STRING']
CDC25C,CDC25C,protein,['STRING']
TOPBP1,TOPBP1,protein,['STRING']
RAD9A,RAD9A,protein,['STRING']
HUS1,HUS1,protein,['STRING']
CDC7,CDC7,protein,['STRING']
SEM1,SEM1,protein,['STRING']
PALB2,PALB2,protein,['STRING']
FANCD2,FANCD2,protein,['STRING']
RAD51C,RAD51C,protein,['STRING']
XRCC3,XRCC3,protein,['STRING']
BRIP1,BRIP1,protein,['STRING']
BCCIP,BCCIP,protein,['STRING']
PAXIP1,PAXIP1,protein,['STRING']
H2AC18,H2AC18,protein,['STRING']
USP28,USP28,protein,['STRING']
CDC25A,CDC25A,protein,['STRING']
CLSPN,CLSPN,protein,['STRING']
CDC45,CDC45,protein,['STRING']
TIMELESS,TIMELESS,protein,['STRING']
RAD50,RAD50,protein,['STRING']
ABRAXAS1,ABRAXAS1,protein,['STRING']
UIMC1,UIMC1,protein,['STRING']
RBBP8,RBBP8,protein,['STRING']
BABAM2,BABAM2,protein,['STRING']
BRCC3,BRCC3,protein,['STRING']
