source,target,kind,source_db,score,support
CREBBP,MYB,ppi,STRING,0.999,1
CREBBP,IRF3,ppi,STRING,0.999,1
CREBBP,NCOA3,ppi,STRING,0.999,1
CREBBP,STAT1,ppi,STRING,0.999,1
CREBBP,NCOA1,ppi,STRING,0.999,1
CREBBP,CREB1,ppi,STRING,0.999,2
CREBBP,RELA,ppi,STRING,0.999,1
EP300,RELA,ppi,STRING,0.999,1
EP300,STAT3,ppi,STRING,0.999,2
EP300,JUN,ppi,STRING,0.999,2
EP300,CREB1,ppi,STRING,0.999,2
EP300,SMAD3,ppi,STRING,0.999,1
EP300,NCOA1,ppi,STRING,0.999,1
STAT3,JAK1,ppi,STRING,0.999,1
STAT3,JAK2,ppi,STRING,0.999,1
STAT3,STAT1,ppi,STRING,0.999,1
STAT3,PIAS3,ppi,STRING,0.999,1
STAT3,SRC,ppi,STRING,0.999,1
STAT3,STAT5B,ppi,STRING,0.998,1
STAT3,JAK3,ppi,STRING,0.998,1
STAT3,TYK2,ppi,STRING,0.997,1
JUN,MAPK9,ppi,STRING,0.999,2
JUN,FOS,ppi,STRING,0.999,1
JUN,MAPK8,ppi,STRING,0.999,2
JUN,FOSB,ppi,STRING,0.999,1
JUN,FOSL2,ppi,STRING,0.999,1
JUN,JUND,ppi,STRING,0.999,1
JUN,FOSL1,ppi,STRING,0.999,1
JUN,JUNB,ppi,STRING,0.999,1
JUN,ESR1,ppi,STRING,0.999,2
FOXO4,CREBBP,ppi,STRING,0.984,1
FOXO4,EP300,ppi,STRING,0.983,1
FOXO4,ATXN3,ppi,STRING,0.974,1
FOXO4,AKT2,ppi,STRING,0.957,1
FOXO4,AKT3,ppi,STRING,0.953,1
FOXO4,SGK1,ppi,STRING,0.952,1
FOXO4,MAPK8,ppi,STRING,0.938,1
MAPK8,MAP2K4,ppi,STRING,0.999,1
MAPK8,MAPK9,ppi,STRING,0.999,2
MAPK8,MAPK8IP1,ppi,STRING,0.999,1
MAPK8,DUSP16,ppi,STRING,0.998,1
MAPK8,MAP2K7,ppi,STRING,0.996,1
MAPK8,JUND,ppi,STRING,0.995,1
MAPK8,NFATC3,ppi,STRING,0.995,1
CREB1,CRTC2,ppi,STRING,0.999,1
CREB1,FOS,ppi,STRING,0.998,1
CREB1,CRTC1,ppi,STRING,0.998,1
CREB1,JUN,ppi,STRING,0.998,1
CREB1,PRKACA,ppi,STRING,0.996,1
SP1,ESR1,ppi,STRING,0.999,2
SP1,EP300,ppi,STRING,0.999,1
SP1,JUN,ppi,STRING,0.996,1
SP1,CREBBP,ppi,STRING,0.992,1
SP1,ESR2,ppi,STRING,0.988,1
SP1,SMAD3,ppi,STRING,0.978,1
ATF3,JUN,ppi,STRING,0.999,1
ATF3,FOS,ppi,STRING,0.994,1
ATF3,JUND,ppi,STRING,0.994,1
ATF3,ATF4,ppi,STRING,0.989,1
ATF3,SMAD3,ppi,STRING,0.988,1
ATF3,DDIT3,ppi,STRING,0.988,1
ATF3,CEBPB,ppi,STRING,0.98,1
ATF3,JUNB,ppi,STRING,0.964,1
MAPK9,MAP2K4,ppi,STRING,0.999,1
MAPK9,MAPK8IP1,ppi,STRING,0.993,1
MAPK9,JUND,ppi,STRING,0.987,1
MAPK9,DUSP16,ppi,STRING,0.985,1
MAPK9,DUSP10,ppi,STRING,0.979,1
MAPK9,JUNB,ppi,STRING,0.979,1
MAPK9,MAPK8IP3,ppi,STRING,0.978,1
ESR1,SRC,ppi,STRING,0.999,1
ESR1,NCOA1,ppi,STRING,0.999,1
ESR1,IGF1R,ppi,STRING,0.999,1
ESR1,NRIP1,ppi,STRING,0.999,1
ESR1,NCOA3,ppi,STRING,0.999,1
