id,label,kind,sources
EP300,EP300,protein,['STRING']
CREBBP,CREBBP,protein,['STRING']
CREB1,CREB1,protein,['STRING']
JUN,JUN,protein,['STRING']
MAPK8,MAPK8,protein,['STRING']
FOXO4,FOXO4,protein,['STRING']
STAT3,STAT3,protein,['STRING']
SP1,SP1,protein,['STRING']
ESR1,ESR1,protein,['STRING']
ATF3,ATF3,protein,['STRING']
MAPK9,MAPK9,protein,['STRING']
SMAD3,SMAD3,protein,['STRING']
MYB,MYB,protein,['STRING']
IRF3,IRF3,protein,['STRING']
NCOA3,NCOA3,protein,['STRING']
STAT1,STAT1,protein,['STRING']
NCOA1,NCOA1,protein,['STRING']
RELA,RELA,protein,['STRING']
JAK1,JAK1,protein,['STRING']
JAK2,JAK2,protein,['STRING']
PIAS3,PIAS3,protein,['STRING']
SRC,SRC,protein,['STRING']
STAT5B,STAT5B,protein,['STRING']
JAK3,JAK3,protein,['STRING']
TYK2,TYK2,protein,['STRING']
FOS,FOS,protein,['STRING']
FOSB,FOSB,protein,['STRING']
FOSL2,FOSL2,protein,['STRING']
JUND,JUND,protein,['STRING']
FOSL1,FOSL1,protein,['STRING']
JUNB,JUNB,protein,['STRING']
ATXN3,ATXN3,protein,['STRING']
AKT2,AKT2,protein,['STRING']
AKT3,AKT3,protein,['STRING']
SGK1,SGK1,protein,['STRING']
MAP2K4,MAP2K4,protein,['STRING']
MAPK8IP1,MAPK8IP1,protein,['STRING']
DUSP16,DUSP16,protein,['STRING']
MAP2K7,MAP2K7,protein,['STRING']
NFATC3,NFATC3,protein,['STRING']
CRTC2,CRTC2,protein,['STRING']
CRTC1,CRTC1,protein,['STRING']
PRKACA,PRKACA,protein,['STRING']
ESR2,ESR2,protein,['STRING']
ATF4,ATF4,protein,['STRING']
DDIT3,DDIT3,protein,['STRING']
CEBPB,CEBPB,protein,['STRING']
DUSP10,DUSP10,protein,['STRING']
MAPK8IP3,MAPK8IP3,protein,['STRING']
IGF1R,IGF1R,protein,['STRING']
NRIP1,NRIP1,protein,['STRING']
