source,target,kind,source_db,score,support
RPA1,RPA3,ppi,STRING,0.999,1
RPA1,RPA2,ppi,STRING,0.999,1
RPA1,BLM,ppi,STRING,0.999,1
RPA1,PRIMPOL,ppi,STRING,0.999,1
RPA1,RMI1,ppi,STRING,0.999,1
RPA1,RAD52,ppi,STRING,0.999,1
RPA1,ATRIP,ppi,STRING,0.999,1
RPA1,WRN,ppi,STRING,0.999,1
RPA1,FANCM,ppi,STRING,0.999,1
ATM,BRCA1,ppi,STRING,0.999,1
ATM,CHEK2,ppi,STRING,0.999,2
ATM,MDC1,ppi,STRING,0.999,1
ATM,MSH6,ppi,STRING,0.999,1
ATM,MRE11,ppi,STRING,0.999,1
ATM,MSH2,ppi,STRING,0.999,1
ATM,NBN,ppi,STRING,0.999,1
ATM,ATR,ppi,STRING,0.999,2
ATM,TP53BP1,ppi,STRING,0.999,2
ATR,CHEK1,ppi,STRING,0.999,2
ATR,ATRIP,ppi,STRING,0.999,1
ATR,CHEK2,ppi,STRING,0.998,2
ATR,BRCA1,ppi,STRING,0.996,1
ATR,TOPBP1,ppi,STRING,0.996,1
ATR,RAD9A,ppi,STRING,0.994,1
ATR,HUS1,ppi,STRING,0.992,1
ATR,CDC7,ppi,STRING,0.992,1
BRCA2,SEM1,ppi,STRING,0.999,1
BRCA2,RAD51,ppi,STRING,0.999,2
BRCA2,PALB2,ppi,STRING,0.999,1
BRCA2,BARD1,ppi,STRING,0.999,2
BRCA2,FANCD2,ppi,STRING,0.999,1
BRCA2,BRCA1,ppi,STRING,0.999,2
BRCA2,RAD51C,ppi,STRING,0.999,1
BRCA2,XRCC3,ppi,STRING,0.999,1
BRCA2,BRIP1,ppi,STRING,0.998,1
BRCA2,BCCIP,ppi,STRING,0.997,1
TP53BP1,PAXIP1,ppi,STRING,0.999,1
TP53BP1,H2AX,ppi,STRING,0.999,1
TP53BP1,BRCA1,ppi,STRING,0.999,1
TP53BP1,MDC1,ppi,STRING,0.999,1
TP53BP1,H2AC18,ppi,STRING,0.999,1
TP53BP1,TOPBP1,ppi,STRING,0.999,1
TP53BP1,USP28,ppi,STRING,0.998,1
CHEK2,BRCA1,ppi,STRING,0.999,1
CHEK2,CDC25A,ppi,STRING,0.998,1
CHEK2,CDC25C,ppi,STRING,0.998,1
CHEK2,TP53BP1,ppi,STRING,0.996,1
CHEK2,MDC1,ppi,STRING,0.99,1
CHEK2,CDC7,ppi,STRING,0.988,1
CHEK2,BRCA2,ppi,STRING,0.985,1
CHEK1,CDC25C,ppi,STRING,0.999,1
CHEK1,CDC25A,ppi,STRING,0.999,1
CHEK1,CLSPN,ppi,STRING,0.999,1
CHEK1,ATM,ppi,STRING,0.998,1
CHEK1,RAD51,ppi,STRING,0.998,1
CHEK1,BRCA1,ppi,STRING,0.996,1
CHEK1,CDC45,ppi,STRING,0.994,1
CHEK1,TIMELESS,ppi,STRING,0.993,1
BRCA1,MDC1,ppi,STRING,0.999,1
BRCA1,PALB2,ppi,STRING,0.999,1
BRCA1,RAD50,ppi,STRING,0.999,1
BRCA1,BARD1,ppi,STRING,0.999,2
BRCA1,MRE11,ppi,STRING,0.999,1
BRCA1,ABRAXAS1,ppi,STRING,0.999,1
BRCA1,FANCD2,ppi,STRING,0.999,1
BRCA1,H2AX,ppi,STRING,0.999,1
RAD51,RAD52,ppi,STRING,0.999,1
RAD51,PALB2,ppi,STRING,0.999,1
RAD51,BARD1,ppi,STRING,0.999,2
RAD51,BRCA1,ppi,STRING,0.999,1
RAD51,ATRX,ppi,STRING,0.999,1
RAD51,BLM,ppi,STRING,0.998,1
RAD51,FANCD2,ppi,STRING,0.998,1
RAD51,XRCC3,ppi,STRING,0.998,1
BARD1,UIMC1,ppi,STRING,0.999,1
BARD1,RBBP8,ppi,STRING,0.999,1
BARD1,MRE11,ppi,STRING,0.999,1
BARD1,ABRAXAS1,ppi,STRING,0.999,1
BARD1,BABAM2,ppi,STRING,0.999,1
BARD1,BRIP1,ppi,STRING,0.999,1
BARD1,BRCC3,ppi,STRING,0.999,1
