﻿{
    "tool":  "gprofiler",
    "organism":  "hsapiens",
    "sources":  [
                    "GO:BP",
                    "REAC",
                    "KEGG"
                ],
    "terms":  [
                  {
                      "source":  "GO:BP",
                      "term_id":  "GO:0006281",
                      "term_name":  "DNA repair",
                      "p_value":  1.2324264125158116E-68,
                      "intersection_size":  48
                  },
                  {
                      "source":  "GO:BP",
                      "term_id":  "GO:0006259",
                      "term_name":  "DNA metabolic process",
                      "p_value":  5.1820475882242265E-61,
                      "intersection_size":  49
                  },
                  {
                      "source":  "GO:BP",
                      "term_id":  "GO:0006974",
                      "term_name":  "DNA damage response",
                      "p_value":  1.8156913398552439E-60,
                      "intersection_size":  48
                  },
                  {
                      "source":  "REAC",
                      "term_id":  "REAC:R-HSA-5693532",
                      "term_name":  "DNA Double-Strand Break Repair",
                      "p_value":  4.0784386273540429E-59,
                      "intersection_size":  38
                  },
                  {
                      "source":  "REAC",
                      "term_id":  "REAC:R-HSA-5693567",
                      "term_name":  "HDR through Homologous Recombination (HRR) or Single Strand Annealing (SSA)",
                      "p_value":  1.7247809778216754E-58,
                      "intersection_size":  36
                  },
                  {
                      "source":  "REAC",
                      "term_id":  "REAC:R-HSA-5693538",
                      "term_name":  "Homology Directed Repair",
                      "p_value":  1.0595505201157843E-57,
                      "intersection_size":  36
                  },
                  {
                      "source":  "GO:BP",
                      "term_id":  "GO:0006302",
                      "term_name":  "double-strand break repair",
                      "p_value":  1.4099586873612669E-56,
                      "intersection_size":  38
                  },
                  {
                      "source":  "REAC",
                      "term_id":  "REAC:R-HSA-73894",
                      "term_name":  "DNA Repair",
                      "p_value":  2.691084319413245E-56,
                      "intersection_size":  42
                  },
                  {
                      "source":  "GO:BP",
                      "term_id":  "GO:0000075",
                      "term_name":  "cell cycle checkpoint signaling",
                      "p_value":  1.0844214248628218E-53,
                      "intersection_size":  33
                  },
                  {
                      "source":  "GO:BP",
                      "term_id":  "GO:0031570",
                      "term_name":  "DNA integrity checkpoint signaling",
                      "p_value":  1.6596656534347143E-52,
                      "intersection_size":  30
                  },
                  {
                      "source":  "REAC",
                      "term_id":  "REAC:R-HSA-5693579",
                      "term_name":  "Homologous DNA Pairing and Strand Exchange",
                      "p_value":  1.4821030999921789E-51,
                      "intersection_size":  26
                  },
                  {
                      "source":  "GO:BP",
                      "term_id":  "GO:1901987",
                      "term_name":  "regulation of cell cycle phase transition",
                      "p_value":  1.5664610890781361E-51,
                      "intersection_size":  38
                  },
                  {
                      "source":  "REAC",
                      "term_id":  "REAC:R-HSA-69481",
                      "term_name":  "G2/M Checkpoints",
                      "p_value":  6.4637112844426342E-50,
                      "intersection_size":  34
                  },
                  {
                      "source":  "GO:BP",
                      "term_id":  "GO:1901988",
                      "term_name":  "negative regulation of cell cycle phase transition",
                      "p_value":  3.6734152163710351E-49,
                      "intersection_size":  33
                  },
                  {
                      "source":  "REAC",
                      "term_id":  "REAC:R-HSA-9675135",
                      "term_name":  "Diseases of DNA repair",
                      "p_value":  4.219753656358202E-49,
                      "intersection_size":  26
                  }
              ]
}
