id,label,kind,sources
CDKN1A,CDKN1A,protein,['STRING']
AURKA,AURKA,protein,['STRING']
CCNG1,CCNG1,protein,['STRING']
FOXO3,FOXO3,protein,['STRING']
CCNA2,CCNA2,protein,['STRING']
GADD45A,GADD45A,protein,['STRING']
CDKN1B,CDKN1B,protein,['STRING']
CDK2,CDK2,protein,['STRING']
E2F1,E2F1,protein,['STRING']
PLK1,PLK1,protein,['STRING']
TPX2,TPX2,protein,['STRING']
TACC3,TACC3,protein,['STRING']
MYCN,MYCN,protein,['STRING']
CDC20,CDC20,protein,['STRING']
INCENP,INCENP,protein,['STRING']
BIRC5,BIRC5,protein,['STRING']
NEDD9,NEDD9,protein,['STRING']
CCNB2,CCNB2,protein,['STRING']
CCNB1,CCNB1,protein,['STRING']
CDK1,CDK1,protein,['STRING']
GAK,GAK,protein,['STRING']
CCNG2,CCNG2,protein,['STRING']
PPP2R5C,PPP2R5C,protein,['STRING']
PPP2R1A,PPP2R1A,protein,['STRING']
CDK5,CDK5,protein,['STRING']
CCNL2,CCNL2,protein,['STRING']
CDK4,CDK4,protein,['STRING']
CDK6,CDK6,protein,['STRING']
CCND3,CCND3,protein,['STRING']
CCNE1,CCNE1,protein,['STRING']
PCNA,PCNA,protein,['STRING']
CCND1,CCND1,protein,['STRING']
CCNA1,CCNA1,protein,['STRING']
CCNE2,CCNE2,protein,['STRING']
SKP2,SKP2,protein,['STRING']
ANAPC4,ANAPC4,protein,['STRING']
CCND2,CCND2,protein,['STRING']
CDKN1C,CDKN1C,protein,['STRING']
SKP1,SKP1,protein,['STRING']
BUB1B,BUB1B,protein,['STRING']
FZR1,FZR1,protein,['STRING']
ERCC6L,ERCC6L,protein,['STRING']
BORA,BORA,protein,['STRING']
BUB1,BUB1,protein,['STRING']
CENPU,CENPU,protein,['STRING']
TFDP1,TFDP1,protein,['STRING']
TFDP2,TFDP2,protein,['STRING']
RBL1,RBL1,protein,['STRING']
MAP3K4,MAP3K4,protein,['STRING']
TDG,TDG,protein,['STRING']
GADD45GIP1,GADD45GIP1,protein,['STRING']
GADD45B,GADD45B,protein,['STRING']
